-- Use the correct database
USE RentalDB;

-- Insert sample customers
INSERT INTO Customers (customer_id, first_name, last_name, email, phone) VALUES
(1, 'John',  'Doe',    'john.doe@example.com',  '555-123-4567'),
(2, 'Jane',  'Smith',  'jane.smith@example.com','555-987-6543'),
(3, 'Alice', 'Johnson','alice.j@example.com',   '555-222-3333'),
(4, 'Bob',   'Brown',  'bob.b@example.com',     '555-444-5555'),
(5, 'Emily', 'Clark',  'emily.c@example.com',   '555-777-8888');

-- Insert sample cars
INSERT INTO Cars (car_id, car_type, car_color, car_price) VALUES
(1, 'Compact', 'Red',    25.00),
(2, 'Truck',   'Blue',   30.00),
(3, 'Sedan',   'Black',  20.00),
(4, 'SUV',     'White',  35.00),
(5, 'Van',     'Silver', 28.00);

-- Insert sample rentals
-- Invoices will be auto-generated by the trigger after these inserts
INSERT INTO Rentals (rental_id, customer_id, car_id, rental_start_date, rental_end_date) VALUES
(1, 1, 1, '2023-04-01', '2023-04-03'),
(2, 2, 3, '2023-04-02', '2023-04-05'),
(3, 3, 4, '2023-04-10', '2023-04-12'),
(4, 4, 2, '2023-04-15', '2023-04-18'),
(5, 5, 5, '2023-05-01', '2023-05-04');



INSERT INTO Payments (invoice_id, payment_date, amount, payment_method) VALUES
(1, '2023-04-04', 150.00, 'card'),
(1, '2023-04-05',  20.00, 'cash'),
(2, '2023-04-06', 180.00, 'card'),
(2, '2023-04-07',  15.00, 'cash'),
(3, '2023-04-13',  90.00, 'card'),
(3, '2023-04-14',  10.00, 'card'),
(4, '2023-04-19', 200.00, 'card'),
(4, '2023-04-20',  25.00, 'cash'),
(5, '2023-05-05', 210.00, 'card'),
(5, '2023-05-06',  30.00, 'cash');
